label,Id
spoon,0678
knife,3962
fork,9271
plate,5133
fork,8842
spoon,8256
spoon,4622
fork,2775
knife,5900
cup,6372
plate,0781
glass,4827
knife,6886
plate,7823
spoon,1958
plate,0044
spoon,2386
cup,1311
knife,7053
cup,9204
fork,8314
spoon,0766
glass,9102
plate,5210
cup,3249
cup,2272
knife,1637
spoon,0966
glass,7878
knife,8154
cup,2496
cup,5236
cup,1460
cup,6080
glass,8876
plate,1813
cup,6968
plate,8814
plate,4220
cup,1183
plate,0145
glass,0538
plate,2880
plate,4073
knife,0997
spoon,0248
cup,7913
cup,0000
cup,2154
spoon,2238
cup,8696
cup,4018
knife,2549
cup,8811
cup,6892
glass,6162
knife,2408
glass,1823
cup,5082
glass,7695
plate,8858
knife,3699
knife,7248
fork,8457
plate,6262
spoon,2946
cup,0288
spoon,4850
cup,8851
fork,7800
cup,3279
knife,9054
knife,4469
cup,4779
cup,1699
cup,7820
spoon,2853
spoon,5216
knife,7182
knife,2834
spoon,1385
glass,0334
plate,8013
cup,0833
glass,7105
knife,1807
plate,4607
glass,5473
cup,8826
knife,9092
fork,9431
spoon,8193
knife,2881
spoon,2516
glass,6624
glass,7469
spoon,2756
fork,0926
spoon,7242
plate,4875
spoon,6566
plate,2568
knife,2450
cup,0050
plate,2628
fork,8228
fork,5879
glass,3136
plate,8602
spoon,3610
spoon,3445
plate,1196
spoon,8051
plate,0379
cup,2525
knife,5424
glass,2258
cup,8939
spoon,0848
cup,2196
knife,1939
plate,2546
plate,9116
knife,5697
glass,1342
plate,6875
plate,0524
fork,1070
plate,0355
glass,8223
plate,7263
cup,8162
glass,6939
cup,6276
fork,2640
spoon,0620
plate,2489
cup,4918
knife,7057
fork,5299
cup,9260
plate,5512
knife,8127
fork,2236
glass,4548
spoon,1998
knife,1645
glass,9272
cup,3655
spoon,1379
knife,4042
cup,8490
cup,9104
fork,5707
knife,2655
fork,8571
knife,6295
knife,6500
spoon,5275
cup,2824
spoon,5852
knife,8267
plate,6879
knife,6988
knife,8674
glass,6274
knife,7434
glass,5695
knife,6914
plate,4891
fork,4078
glass,4717
knife,4983
plate,0749
spoon,8833
knife,5738
spoon,8947
cup,2365
plate,4567
plate,2925
spoon,4143
glass,0042
spoon,4336
cup,8208
glass,8423
knife,0402
spoon,0116
cup,9031
fork,1206
spoon,7685
knife,0744
cup,4677
plate,4561
spoon,1858
glass,8699
spoon,2952
plate,1789
glass,1378
plate,8970
knife,4467
spoon,6724
cup,7575
plate,7466
cup,0359
spoon,3744
glass,3827
knife,0510
knife,5776
spoon,7183
plate,6798
plate,2862
glass,5682
plate,3884
knife,6023
plate,8029
fork,1629
spoon,0233
knife,1056
glass,3575
plate,3844
cup,0852
plate,6468
spoon,0494
cup,5873
fork,7077
plate,5351
spoon,8052
cup,4309
knife,2561
glass,1101
cup,1383
glass,7683
cup,6854
cup,5617
glass,6727
cup,4611
plate,8101
plate,3020
fork,7305
knife,2394
plate,9436
knife,4687
knife,7176
glass,6666
fork,3817
cup,5722
cup,5088
plate,2134
plate,6368
cup,1569
glass,0467
knife,2956
fork,2244
glass,6779
cup,8588
plate,0715
plate,6282
cup,3829
knife,2390
fork,2416
plate,3385
plate,6317
glass,3964
plate,6091
spoon,2015
spoon,6705
fork,7261
spoon,0264
plate,8091
spoon,0666
cup,7397
plate,3179
cup,6301
spoon,1368
plate,1657
plate,5502
glass,7318
cup,1647
knife,7756
fork,1712
cup,5250
knife,7637
spoon,2263
plate,8873
glass,3360
knife,9091
plate,3968
knife,4517
cup,0418
plate,3692
spoon,5430
knife,7278
glass,3998
cup,2166
plate,6693
plate,5131
plate,2766
fork,6761
plate,5000
knife,2578
glass,2916
knife,1680
plate,2694
spoon,5238
plate,6161
knife,6707
plate,3975
cup,5339
spoon,7876
cup,2661
plate,4147
cup,5745
spoon,1210
plate,3709
glass,6706
knife,2033
spoon,2541
knife,4404
spoon,1909
spoon,3529
spoon,3365
plate,2398
knife,7453
plate,3335
knife,0268
spoon,5075
cup,0757
knife,8726
fork,2452
spoon,3293
glass,4240
cup,6669
fork,2182
cup,1485
cup,1516
spoon,3456
plate,5007
spoon,0826
glass,3259
knife,9433
knife,3996
spoon,3713
spoon,8436
knife,3068
plate,6504
spoon,3845
spoon,8292
fork,7461
plate,2686
spoon,1663
spoon,6974
spoon,9212
knife,1949
glass,1601
cup,5204
plate,1714
knife,5840
glass,1434
glass,4173
spoon,4148
cup,0998
glass,9125
glass,8259
knife,9268
plate,9243
knife,7672
spoon,1412
cup,8327
fork,7489
cup,3582
glass,0865
spoon,6130
glass,4750
plate,3714
plate,1488
cup,9151
cup,9018
plate,4700
cup,3048
plate,5283
plate,5067
cup,3541
spoon,6057
plate,4871
spoon,0259
cup,0035
plate,4251
spoon,1830
knife,7281
knife,5613
glass,0141
knife,8329
knife,7233
cup,2481
cup,4528
knife,2812
cup,9146
spoon,8310
cup,2964
plate,0910
plate,8123
cup,9166
fork,9215
plate,6568
knife,6405
cup,9257
knife,3534
spoon,3440
cup,0519
cup,1223
knife,2160
knife,2375
spoon,6979
cup,8461
glass,5868
glass,7869
plate,4476
cup,8129
plate,2510
plate,5972
glass,0731
cup,8901
spoon,8337
glass,3081
cup,3242
cup,0015
knife,5376
cup,4262
cup,0578
glass,0860
fork,8610
plate,2646
knife,2233
plate,0159
spoon,9075
cup,3433
cup,8958
glass,6720
fork,8700
plate,6772
knife,8487
cup,0681
glass,0105
fork,6001
glass,3911
plate,9095
glass,2096
plate,4694
plate,2890
plate,7137
knife,3584
plate,9080
knife,3239
glass,4676
knife,6945
spoon,6316
cup,7034
cup,4026
spoon,9391
glass,5858
fork,5565
knife,9376
knife,2727
plate,1692
cup,0893
glass,5814
plate,1288
plate,1188
fork,7455
knife,5818
spoon,1718
glass,7122
cup,8003
knife,5148
cup,2320
spoon,5195
spoon,4270
fork,7312
knife,0034
cup,1226
fork,6712
knife,1679
knife,3471
knife,9352
plate,1762
knife,7275
knife,8541
plate,6056
cup,0287
cup,4468
cup,6197
plate,4080
plate,1531
plate,4539
knife,5156
cup,6948
glass,7268
cup,8665
cup,7124
knife,5926
spoon,8053
cup,9036
plate,8231
plate,2705
cup,7610
spoon,8536
glass,7581
glass,1912
plate,0967
glass,8653
knife,6732
plate,0680
knife,5625
knife,0512
fork,5309
spoon,6593
cup,8557
plate,8483
plate,1399
plate,5408
glass,3826
glass,3180
plate,7450
glass,1724
fork,7167
cup,2858
glass,8859
plate,5703
glass,1074
spoon,3798
spoon,2119
fork,1277
plate,2583
knife,5586
spoon,6654
plate,3974
glass,1633
spoon,4020
spoon,0630
cup,8116
fork,2560
glass,2975
knife,6985
spoon,4732
knife,3566
spoon,4563
knife,8488
cup,6780
knife,8962
fork,7714
glass,3664
spoon,6152
plate,1100
plate,6354
plate,8104
spoon,5733
plate,5616
fork,1062
glass,8169
plate,8756
plate,6589
fork,5699
cup,2995
fork,8086
plate,2740
plate,4164
spoon,8766
cup,2297
fork,4812
cup,6166
glass,7491
fork,3422
plate,2255
cup,8815
knife,4214
spoon,0917
plate,2506
glass,9304
spoon,9282
spoon,4315
cup,4355
cup,7910
knife,6921
plate,2009
spoon,4363
plate,6061
plate,3208
plate,2107
spoon,0425
spoon,6595
plate,6999
glass,3917
spoon,4316
plate,8601
plate,0309
cup,1881
knife,5401
cup,3815
cup,5587
cup,7867
plate,5832
glass,1713
spoon,2837
plate,5966
knife,5287
spoon,8755
plate,8515
cup,0855
knife,8088
knife,5206
spoon,7494
knife,4646
cup,0193
glass,7590
fork,6932
glass,1439
knife,7896
plate,7277
cup,6877
knife,9308
fork,1243
plate,6585
cup,3881
spoon,3167
plate,4981
glass,1041
plate,0671
cup,8033
glass,1824
spoon,9362
glass,3046
spoon,4183
cup,1846
plate,0829
glass,2597
knife,0168
spoon,6637
spoon,0937
spoon,4308
plate,0597
plate,8130
cup,6899
glass,7748
spoon,1612
knife,7427
plate,3606
plate,6511
cup,6640
knife,0943
glass,7661
fork,1492
spoon,6933
knife,7011
plate,5686
plate,6320
plate,7282
knife,0673
glass,6309
spoon,8140
knife,4955
spoon,0102
fork,2762
spoon,7203
knife,0566
fork,3182
spoon,1730
glass,4815
plate,0224
knife,0714
glass,7244
cup,4422
glass,7565
cup,2248
glass,2285
cup,3565
plate,2049
cup,5541
plate,4789
glass,7283
spoon,6895
fork,1360
glass,2223
spoon,9276
cup,6397
glass,3836
plate,3311
spoon,4070
plate,6325
cup,0929
cup,8362
knife,8546
cup,4554
glass,0390
spoon,6564
plate,9016
cup,1356
fork,3338
knife,8368
knife,5111
plate,3629
spoon,7701
knife,2457
cup,6506
cup,0211
fork,1382
plate,2985
spoon,4366
cup,3363
cup,4153
knife,9384
spoon,1906
plate,8551
plate,8017
plate,4810
glass,0198
knife,3302
glass,3087
glass,0636
knife,0461
glass,2663
glass,6037
knife,5914
plate,1453
glass,1683
plate,8401
plate,7304
glass,1411
spoon,8429
spoon,5104
knife,6158
knife,4043
glass,8197
spoon,5886
plate,7015
cup,6088
spoon,5331
knife,8023
plate,2498
cup,1103
spoon,3914
plate,5474
spoon,5632
cup,2073
plate,9373
spoon,7029
cup,4976
fork,0076
cup,7692
fork,5043
knife,3134
knife,7560
fork,2194
knife,0018
spoon,3768
plate,3554
knife,3019
glass,2527
fork,3495
cup,0887
knife,2677
spoon,0366
knife,6622
plate,3352
knife,8332
fork,9227
cup,2322
plate,3300
glass,3756
fork,3028
glass,1888
cup,2847
spoon,3772
cup,5516
spoon,5416
spoon,8240
cup,1457
glass,6242
plate,4843
cup,6458
spoon,2553
knife,5184
cup,6802
spoon,7417
spoon,4959
cup,4613
cup,2579
glass,1264
cup,1261
knife,0585
plate,4465
cup,2716
spoon,0286
spoon,0134
plate,2150
knife,6119
fork,5392
cup,3292
plate,0836
cup,7551
cup,5447
knife,3251
cup,3729
plate,4201
knife,1631
knife,2783
fork,7118
cup,9149
knife,9196
cup,4485
plate,7586
spoon,3127
spoon,0913
knife,7048
spoon,1775
glass,1725
cup,3441
plate,6927
knife,8334
cup,1502
glass,1325
cup,8719
plate,4612
cup,2442
fork,4301
glass,6233
cup,7481
spoon,6650
plate,7464
spoon,1106
glass,2928
spoon,7289
fork,1555
spoon,3049
knife,8917
fork,4710
spoon,8218
knife,0658
knife,9067
plate,0693
fork,1982
spoon,3600
fork,7017
knife,9400
fork,1816
cup,8359
cup,1611
spoon,9014
knife,6180
spoon,0365
spoon,8199
glass,2953
cup,8377
spoon,7315
cup,5790
spoon,0719
plate,7607
plate,0759
cup,9099
glass,7884
spoon,6151
plate,6153
knife,4736
knife,1084
spoon,6729
glass,4093
plate,1295
spoon,0130
glass,2994
glass,4761
glass,3265
cup,7087
glass,9254
cup,1964
cup,0907
cup,1350
spoon,5765
glass,4558
plate,5107
plate,1893
cup,7025
knife,3008
cup,7376
cup,1960
plate,7172
fork,7135
cup,8650
spoon,2701
cup,5542
plate,4267
cup,4118
plate,0007
fork,0529
spoon,7762
plate,1345
cup,2061
fork,4964
plate,2038
spoon,8022
spoon,9256
glass,0230
knife,1863
knife,0199
spoon,1971
glass,1513
spoon,3622
spoon,2235
spoon,3376
knife,2383
fork,6002
glass,8504
cup,1640
knife,2605
cup,8322
cup,2022
cup,0298
spoon,3076
cup,2329
glass,7174
knife,8721
plate,6795
plate,6953
glass,6739
cup,2732
fork,6799
spoon,8565
knife,5365
cup,0426
fork,6774
cup,1737
glass,3284
spoon,0588
knife,8869
knife,3906
knife,2239
cup,7807
spoon,5742
cup,4644
plate,9017
fork,9130
plate,3597
plate,2131
spoon,7102
cup,2126
knife,6874
knife,2544
cup,0196
spoon,8072
glass,8152
plate,3321
cup,4162
cup,3458
plate,7095
plate,7482
cup,1416
fork,5444
plate,8779
knife,9265
plate,2931
knife,0799
cup,5411
glass,2829
plate,0220
fork,1026
spoon,0024
fork,7260
fork,2035
plate,7487
plate,3788
glass,9374
plate,0101
glass,6411
glass,4692
knife,6965
knife,3879
plate,2066
glass,0978
glass,0820
plate,0324
plate,6702
plate,1535
spoon,1174
cup,3951
knife,5977
glass,7012
plate,3429
plate,2178
knife,3073
plate,7796
spoon,1050
cup,1442
spoon,8454
cup,5862
plate,5381
cup,8676
fork,9423
fork,2738
fork,0663
knife,8352
plate,2823
plate,5508
plate,9306
knife,2815
glass,4185
knife,2971
cup,9022
cup,7671
knife,0133
fork,3563
plate,3188
plate,4027
spoon,3132
plate,7574
plate,1626
glass,0273
knife,5694
plate,2054
plate,0217
spoon,8056
cup,9088
glass,1715
knife,4380
knife,1300
plate,6420
glass,4067
cup,0072
fork,4056
fork,1832
knife,6093
spoon,5112
glass,5504
cup,7719
knife,3309
glass,3686
cup,7557
plate,7693
glass,9222
knife,1274
knife,2790
cup,0991
plate,4219
spoon,5178
glass,1528
spoon,8260
knife,6817
knife,8396
cup,3113
spoon,6181
spoon,9135
plate,1669
knife,1471
glass,7249
cup,0056
plate,6911
spoon,6599
fork,2256
cup,4822
spoon,6315
plate,4327
glass,0088
glass,7918
glass,4705
plate,5374
fork,1474
knife,1299
cup,5547
spoon,9156
spoon,6905
cup,7027
knife,2616
plate,8445
spoon,3851
cup,0544
knife,6554
fork,3899
glass,6870
cup,5628
cup,0818
glass,5391
glass,4574
cup,9242
glass,6483
cup,2362
cup,7531
fork,3986
spoon,4510
plate,4318
spoon,0459
cup,0518
plate,6896
cup,5860
plate,6904
fork,1833
cup,8973
plate,8732
cup,1310
knife,3870
cup,6713
spoon,9206
plate,1983
cup,3285
fork,2152
spoon,3918
plate,0427
glass,3485
knife,5955
glass,5935
glass,5318
spoon,0033
spoon,2637
cup,9093
cup,0146
glass,4260
knife,5290
cup,3151
cup,3977
spoon,2332
plate,2770
knife,5414
glass,1161
cup,8348
cup,0414
cup,7138
cup,3078
spoon,0487
cup,4483
spoon,2352
glass,8299
plate,3452
fork,6741
glass,1241
cup,8036
spoon,6473
plate,0135
cup,5232
knife,7739
spoon,2966
spoon,1625
plate,8555
fork,0204
knife,4484
fork,5906
knife,4335
plate,5008
plate,8482
plate,8754
knife,4679
plate,0963
glass,6787
cup,3262
plate,1034
glass,5126
spoon,6634
plate,5981
knife,7579
spoon,8157
fork,4358
plate,0252
fork,2113
knife,6283
cup,0139
plate,1944
plate,5997
cup,0246
cup,7451
glass,1372
cup,4202
spoon,4222
spoon,2291
plate,9406
knife,1048
knife,1202
plate,1782
plate,4584
fork,2624
plate,9224
plate,6790
plate,4115
glass,7132
cup,3647
cup,4057
knife,8714
spoon,2733
knife,4264
fork,2310
cup,1511
plate,7147
plate,0448
cup,8891
fork,2652
cup,7570
plate,8171
plate,7600
cup,0726
plate,6213
glass,0389
cup,4356
knife,1123
cup,1251
spoon,1097
cup,7014
glass,5484
spoon,6997
knife,2396
cup,7908
cup,6257
glass,3528
fork,6598
knife,5654
plate,4773
fork,5142
knife,3005
glass,6340
spoon,1946
knife,0410
glass,2045
glass,3822
knife,1253
spoon,6456
plate,9283
fork,9320
glass,4098
knife,7753
plate,5897
knife,1568
fork,2507
knife,3594
cup,2989
spoon,4188
glass,2110
cup,6696
cup,1155
plate,4885
knife,5603
plate,5801
knife,1593
knife,3147
cup,0503
fork,4161
cup,7354
plate,0846
cup,6588
spoon,0551
glass,6004
cup,8575
spoon,3518
spoon,5844
cup,1301
cup,2550
cup,2557
spoon,0982
knife,1515
glass,4590
plate,6631
spoon,0470
knife,9297
glass,1768
plate,2400
knife,7729
fork,3833
spoon,3137
plate,7382
cup,5221
plate,3400
spoon,6658
glass,8209
plate,2791
fork,3060
cup,6003
plate,5095
spoon,0950
glass,4549
plate,7251
knife,4263
cup,2741
knife,6021
cup,3809
knife,0953
plate,0089
plate,8731
glass,3334
fork,7089
spoon,2006
glass,9442
plate,2535
fork,8637
knife,2532
spoon,4357
plate,8857
knife,1594
glass,4424
plate,7266
plate,4423
glass,9275
glass,1239
glass,5788
spoon,8796
cup,8206
plate,1676
cup,0888
spoon,4096
spoon,2157
glass,6379
plate,3235
knife,3165
glass,3854
fork,1064
knife,0815
spoon,7207
cup,6775
plate,6488
fork,0593
knife,1291
plate,2278
plate,4543
spoon,4956
knife,7822
fork,1913
plate,7475
spoon,9191
plate,6536
knife,2458
cup,8564
spoon,4709
glass,1758
plate,8253
knife,3395
glass,1114
spoon,4917
cup,4670
glass,1563
fork,7226
plate,2161
plate,6944
fork,3887
plate,0437
spoon,6508
glass,1166
knife,3680
knife,5689
glass,1815
knife,3568
fork,3976
fork,4660
cup,8878
spoon,4788
glass,8474
plate,4971
cup,4733
plate,3983
cup,1117
plate,3876
glass,6849
cup,4934
plate,8448
cup,8805
plate,3636
cup,3475
knife,3324
fork,2889
glass,7889
knife,0328
plate,4400
plate,3416
glass,8308
fork,7639
plate,3228
plate,3135
plate,5465
plate,0527
fork,5910
plate,4032
spoon,9439
plate,8100
spoon,2397
spoon,3275
knife,4425
cup,8975
cup,3377
knife,4253
cup,6509
plate,6523
knife,1644
spoon,8388
spoon,0900
glass,0477
spoon,7149
plate,0617
spoon,8005
spoon,8998
cup,0797
spoon,1014
glass,5581
plate,2835
plate,2724
cup,8765
knife,6806
spoon,8424
plate,4370
cup,3919
plate,1754
glass,3114
cup,9350
knife,2731
cup,5989
plate,3820
cup,6474
spoon,6356
fork,2851
cup,4001
cup,5143
knife,0849
plate,5604
cup,2538
spoon,6279
fork,5787
knife,3274
plate,2074
spoon,2921
knife,6100
spoon,0889
knife,6735
cup,3547
spoon,4730
glass,9415
cup,6538
glass,7495
glass,7104
cup,4637
fork,1577
spoon,6457
glass,0823
cup,3716
spoon,1058
plate,8113
spoon,9377
fork,2729
spoon,6107
plate,2410
cup,0832
cup,9173
knife,2730
plate,7780
glass,9178
glass,6444
cup,8544
cup,4029
fork,6642
plate,2370
glass,0783
fork,3904
spoon,8390
knife,4770
cup,0845
spoon,9289
cup,8812
glass,7665
fork,4133
knife,3390
spoon,8658
knife,9086
cup,5777
spoon,0358
cup,5201
cup,1970
fork,2116
plate,3530
glass,3349
fork,7860
spoon,8838
fork,3959
glass,8444
fork,3325
cup,5540
knife,9266
cup,0422
cup,3858
cup,4297
glass,7245
plate,0993
knife,8737
cup,3608
spoon,7066
cup,1760
spoon,8371
cup,8276
knife,2571
knife,1943
spoon,2077
plate,2359
cup,7092
glass,7325
cup,2221
plate,2803
fork,6556
plate,7750
cup,7786
cup,0786
plate,4480
spoon,1326
knife,3023
glass,2219
cup,0901
fork,1639
knife,6507
spoon,6264
cup,1224
spoon,2443
plate,6465
plate,1115
glass,7096
fork,1843
knife,5833
cup,7360
glass,1745
cup,0238
spoon,8547
knife,7509
fork,6386
knife,2138
plate,7696
cup,6132
plate,1610
knife,0226
plate,3942
spoon,6038
plate,0822
fork,4384
glass,1059
knife,1256
spoon,2129
knife,5700
cup,3559
knife,6472
plate,2169
spoon,5754
fork,8211
fork,2283
glass,6560
fork,5475
glass,2331
cup,0702
spoon,7412
glass,6308
knife,2658
fork,6653
knife,2075
fork,3981
spoon,4114
spoon,8853
plate,4332
cup,5566
spoon,9025
glass,1996
glass,2949
spoon,8794
knife,5288
plate,4604
spoon,5328
fork,6611
glass,4416
plate,7513
fork,4579
cup,2429
glass,2317
knife,0271
plate,7037
glass,2991
fork,1973
cup,3621
plate,7844
spoon,4712
cup,5843
plate,7342
spoon,4489
plate,2067
fork,8002
cup,5962
plate,3799
spoon,8398
spoon,6032
plate,8345
cup,1873
glass,1462
fork,6156
cup,0692
spoon,7220
cup,9037
cup,0456
cup,8914
cup,0051
fork,5791
spoon,3482
cup,2251
fork,2108
fork,2199
spoon,6675
cup,4831
plate,2846
plate,4990
fork,8243
cup,1935
cup,8478
cup,5254
fork,7866
spoon,7297
glass,2714
knife,8118
plate,9273
glass,7838
glass,1651
fork,5074
cup,2159
knife,9108
glass,8889
fork,0485
plate,3297
knife,7649
spoon,3203
plate,4293
fork,2878
glass,4716
spoon,3657
plate,5929
fork,4150
glass,6752
knife,5835
plate,6973
cup,9082
knife,9136
knife,7186
cup,4873
plate,5433
cup,7903
plate,1570
cup,7030
plate,1672
fork,4158
spoon,6331
knife,5522
cup,4669
knife,2942
plate,7706
cup,0313
spoon,0350
spoon,9325
cup,1303
plate,7166
spoon,0831
spoon,0110
spoon,6206
cup,3697
knife,0590
glass,1452
glass,8581
spoon,3907
glass,4620
cup,7765
knife,7080
plate,6425
knife,8797
cup,2698
spoon,2980
knife,7103
knife,5428
knife,6187
cup,8407
knife,9111
spoon,9085
fork,6496
glass,2281
plate,0676
knife,2135
cup,3835
spoon,2055
cup,4948
knife,7050
glass,1904
fork,3222
glass,8628
fork,3192
glass,4802
glass,1051
knife,3752
glass,9329
spoon,5251
glass,6749
plate,5888
glass,1450
spoon,6365
spoon,0469
cup,1273
glass,7709
plate,0053
glass,4514
spoon,8586
spoon,6517
spoon,1346
spoon,9157
glass,5038
fork,0592
spoon,1938
fork,7071
plate,8335
knife,2608
cup,8428
knife,1887
cup,8391
knife,1742
spoon,5507
fork,9240
spoon,0575
knife,4413
plate,5469
plate,1245
knife,8554
cup,6887
cup,6954
spoon,3705
cup,1119
plate,2123
fork,1658
spoon,1199
plate,5297
plate,6374
plate,4673
cup,9172
glass,6328
spoon,0255
knife,3027
glass,6380
knife,4230
plate,7232
glass,7355
plate,8806
knife,7704
knife,5760
fork,7797
plate,5289
plate,2502
knife,1105
fork,6427
glass,0789
spoon,6104
plate,5346
knife,3579
fork,2341
spoon,3519
knife,5352
fork,6344
cup,0127
spoon,3706
plate,3260
glass,3061
cup,4128
knife,0722
fork,2879
knife,0550
cup,1848
cup,1828
plate,3051
glass,4735
plate,0182
fork,1797
glass,3450
cup,6803
glass,6859
fork,2411
knife,5753
glass,6931
glass,2910
knife,1193
cup,0158
cup,2856
cup,6128
knife,1756
plate,7784
plate,4283
cup,3110
plate,2717
cup,5837
knife,0339
glass,1270
spoon,4970
glass,5747
fork,5350
cup,8408
spoon,7499
glass,2713
fork,1403
plate,1250
plate,0869
cup,0008
cup,1757
spoon,3468
fork,2286
plate,9416
glass,4504
knife,2208
knife,7264
plate,4598
cup,4916
spoon,0778
cup,4865
plate,3467
knife,6490
cup,8562
fork,7916
spoon,4224
knife,4968
spoon,6715
cup,5418
plate,4193
spoon,1755
spoon,5712
plate,9408
plate,9367
spoon,2945
fork,5902
knife,5970
cup,8682
knife,1753
fork,7225
spoon,5731
plate,6792
cup,1820
spoon,7632
fork,4271
spoon,8009
cup,4204
plate,2680
knife,2870
plate,7169
cup,5594
knife,3708
fork,8758
glass,1236
knife,4387
cup,6544
plate,7865
knife,0762
spoon,4632
plate,9386
cup,6909
glass,0131
plate,5207
glass,8952
glass,4459
knife,7462
plate,5892
fork,4911
spoon,2642
spoon,5572
knife,5435
plate,8226
plate,4470
knife,4799
cup,8823
plate,4203
plate,4402
cup,3615
glass,3758
plate,2968
plate,2387
fork,5219
glass,0542
spoon,8044
spoon,9252
cup,8938
fork,8585
plate,5493
plate,6467
spoon,9389
plate,2958
plate,3227
glass,4306
knife,6450
knife,4982
plate,0660
spoon,9187
plate,1705
cup,7843
plate,1945
knife,1057
fork,6310
cup,9163
glass,2685
glass,6159
knife,8529
cup,6987
spoon,6082
plate,3171
fork,8604
plate,6087
glass,2706
cup,4079
spoon,8251
fork,3701
spoon,8809
cup,3332
plate,6777
knife,8972
cup,4140
plate,9301
cup,2643
plate,1891
knife,1621
cup,7824
glass,8343
plate,4577
fork,4415
knife,5799
cup,4019
cup,1013
glass,2939
plate,8059
cup,4775
fork,5685
glass,1025
glass,6329
spoon,9023
cup,7682
cup,1896
plate,3041
spoon,2287
spoon,7400
plate,0243
spoon,5334
knife,6214
cup,3783
cup,8769
knife,1794
knife,3960
glass,7317
spoon,1340
plate,1418
fork,0955
plate,4863
cup,1178
spoon,8623
cup,7712
cup,4633
plate,6070
cup,5601
fork,0765
spoon,3810
fork,2340
knife,3683
spoon,4907
glass,3016
glass,5040
spoon,6845
plate,0605
glass,5266
cup,7238
glass,1865
plate,2029
glass,3596
knife,4407
spoon,7005
spoon,0741
spoon,6602
glass,3088
glass,0068
glass,7055
plate,3129
plate,0809
cup,1940
fork,8793
plate,2379
spoon,8084
plate,5780
spoon,1405
knife,8767
plate,3502
glass,3957
glass,9269
knife,6852
spoon,9250
plate,2574
plate,1212
fork,2488
plate,4068
cup,0827
cup,1294
cup,7798
plate,2486
knife,9263
cup,4624
cup,7156
knife,4759
plate,3573
spoon,1980
cup,9337
plate,3155
knife,5176
cup,5014
spoon,9322
spoon,6621
knife,7664
spoon,6529
knife,4410
cup,8848
fork,5676
cup,8087
plate,8530
spoon,0453
spoon,3807
plate,6913
cup,3373
plate,1907
spoon,3757
glass,7403
knife,0353
glass,7546
cup,8110
plate,0564
spoon,2468
plate,7121
fork,4049
plate,0078
cup,7432
knife,9059
spoon,6424
plate,8158
fork,1860
cup,4399
cup,3682
cup,1336
plate,8511
glass,8728
fork,8137
cup,0249
fork,0506
plate,7368
fork,6085
spoon,8573
cup,1793
knife,6182
plate,9248
cup,3500
plate,9032
cup,1666
knife,4386
knife,8296
cup,7333
fork,3498
cup,9081
spoon,2844
fork,4914
plate,9393
plate,8672
cup,7846
cup,6442
spoon,1632
spoon,6876
spoon,2211
cup,4417
spoon,1642
plate,4269
glass,0175
glass,8103
glass,7655
plate,3678
glass,0090
knife,7373
knife,7314
cup,7099
knife,4236
plate,3736
fork,4252
cup,4525
plate,5113
knife,4972
glass,1461
fork,4572
glass,9046
spoon,4743
cup,7078
fork,5743
plate,0341
knife,7378
cup,3993
plate,1172
knife,4429
cup,9183
spoon,7467
cup,6247
knife,7568
glass,2671
glass,2139
glass,8782
glass,5783
fork,5503
plate,2446
knife,8736
spoon,9324
spoon,0843
knife,0059
knife,0844
spoon,9195
plate,9381
glass,2315
cup,1928
plate,3177
spoon,3403
spoon,0493
cup,5786
cup,1774
spoon,1901
knife,7470
cup,0615
plate,5051
glass,4511
cup,2788
plate,2324
fork,2062
plate,0596
fork,5029
glass,4513
glass,2957
cup,7853
fork,0121
spoon,5091
spoon,1834
knife,3283
glass,8644
plate,4381
spoon,6801
knife,1242
plate,5050
knife,7061
glass,6203
knife,4636
knife,7833
cup,1194
spoon,7806
knife,6164
knife,6680
cup,3290
cup,1487
cup,4698
spoon,2764
glass,3669
glass,2431
spoon,4085
glass,2687
knife,4025
fork,2872
cup,7452
cup,1729
spoon,5362
plate,5638
cup,7329
knife,3330
knife,2750
cup,3472
fork,2777
fork,1518
knife,1526
spoon,5090
cup,1877
knife,6498
plate,8566
spoon,5276
knife,7136
plate,4131
fork,9226
cup,5636
glass,9145
glass,4177
fork,8516
cup,5931
plate,8323
cup,1582
spoon,7851
spoon,0047
knife,6647
cup,9026
plate,3050
knife,3085
plate,6830
plate,0322
spoon,4791
glass,6378
fork,1503
glass,5460
spoon,2774
glass,8039
spoon,8030
glass,2304
cup,5821
cup,8288
glass,7431
knife,1684
spoon,1165
knife,1427
knife,4488
knife,1738
knife,5379
knife,3058
glass,1153
cup,4127
cup,7545
cup,7054
glass,5138
spoon,6762
cup,5775
fork,8280
glass,3307
spoon,6700
knife,2018
cup,0583
knife,2769
knife,3988
knife,6549
glass,6620
plate,1930
glass,8717
spoon,6519
plate,4288
cup,4988
plate,6297
knife,3277
plate,5807
knife,7062
knife,8745
fork,1090
cup,8313
plate,7720
glass,0303
knife,5467
cup,7895
cup,5612
plate,6740
glass,8899
plate,2626
fork,3934
spoon,5646
cup,7870
knife,2373
fork,7732
spoon,6065
plate,3755
plate,0219
cup,0981
spoon,2151
cup,8191
knife,8145
plate,0720
spoon,2424
knife,8608
glass,2432
glass,2057
cup,7669
spoon,0677
plate,9378
plate,2923
glass,6856
plate,2333
glass,8840
cup,2267
plate,1332
cup,7074
glass,5438
knife,7446
fork,2241
cup,0445
plate,0728
cup,1098
cup,2891
cup,3351
knife,9027
plate,8928
plate,7448
fork,3271
plate,7199
knife,6261
spoon,3734
plate,3410
plate,4665
cup,8617
cup,8135
plate,8192
knife,3690
spoon,1989
glass,4555
spoon,9199
cup,6915
fork,8464
spoon,4541
knife,8680
knife,4340
fork,5063
knife,0239
plate,7760
glass,1219
spoon,0858
knife,1331
knife,4801
cup,7402
plate,3248
cup,4182
glass,5114
knife,8261
spoon,0376
plate,7825
plate,1897
glass,2430
cup,1393
spoon,6957
spoon,4273
knife,3348
cup,3513
glass,2312
knife,2719
cup,6917
plate,3849
glass,2540
spoon,2030
fork,9351
plate,3128
cup,2041
plate,8922
cup,2463
cup,3494
cup,3301
plate,4592
plate,7480
fork,5986
fork,6697
spoon,1318
knife,6513
cup,8387
plate,6147
knife,2143
plate,3536
spoon,0123
plate,6030
cup,4599
plate,4210
spoon,2277
plate,5261
fork,8652
knife,8639
spoon,0001
cup,2268
cup,9069
glass,3542
plate,7020
spoon,2421
fork,1839
plate,5136
cup,8058
spoon,6251
spoon,6089
fork,0363
plate,8944
plate,0790
plate,0143
glass,1547
plate,4640
spoon,1341
cup,5135
spoon,4804
plate,5834
knife,8920
cup,1287
fork,5597
knife,6628
cup,4004
spoon,4211
spoon,3481
knife,6717
plate,7185
fork,4312
cup,6893
knife,0161
cup,7512
cup,1489
cup,1257
plate,5249
fork,7127
glass,4478
plate,2358
plate,2822
knife,3620
spoon,1886
spoon,6060
cup,7836
knife,6041
plate,5559
cup,3383
cup,6480
cup,6574
cup,4798
cup,7274
glass,8634
glass,4248
spoon,0281
spoon,8236
spoon,1527
spoon,3795
cup,7917
glass,8666
knife,5191
glass,8010
glass,2261
cup,2330
fork,2490
spoon,3131
spoon,8441
spoon,0500
cup,1557
cup,3317
plate,5387
plate,1380
plate,4180
spoon,3753
plate,3423
cup,8427
fork,4440
knife,0840
cup,8274
cup,8638
spoon,3842
knife,4767
fork,3856
glass,2759
glass,8214
knife,3963
knife,2509
knife,2801
glass,3949
cup,8232
spoon,1113
spoon,5072
spoon,0867
plate,3328
spoon,1739
spoon,7616
cup,8178
plate,6289
cup,3447
knife,4409
knife,4368
plate,1370
spoon,4418
glass,4899
spoon,0674
plate,3741
glass,7413
plate,0192
spoon,8082
plate,6218
knife,4540
glass,3233
spoon,1899
spoon,3250
glass,6514
cup,9169
fork,6682
glass,1259
fork,0136
glass,0516
cup,0430
fork,4494
knife,4061
cup,4776
spoon,7390
glass,6848
spoon,5208
plate,9024
cup,6807
plate,6403
cup,7834
cup,3743
knife,6922
cup,4608
plate,2475
glass,3145
spoon,3869
cup,1454
knife,7070
glass,7175
spoon,3760
cup,5744
cup,7377
fork,0476
plate,3121
fork,5202
spoon,1844
cup,1879
knife,7905
glass,0794
cup,5409
plate,0336
glass,3751
plate,5001
spoon,2501
cup,9079
cup,1941
cup,8093
plate,2633
spoon,4926
plate,0345
cup,5953
cup,4894
plate,4740
cup,8284
plate,5031
knife,5139
spoon,4250
cup,5242
glass,5425
cup,5005
plate,5103
cup,0912
spoon,4777
cup,7302
glass,8198
fork,9131
fork,4828
plate,9113
plate,5255
knife,2935
knife,3074
spoon,6211
knife,2226
glass,5160
cup,8527
fork,4141
knife,5171
cup,6601
cup,0384
cup,7708
knife,1438
plate,4334
spoon,4664
spoon,4299
knife,3623
cup,4254
spoon,1702
knife,5734
plate,0999
cup,6494
cup,3209
knife,4280
cup,5390
glass,8619
knife,1276
plate,0874
glass,0055
spoon,0941
glass,8159
cup,6338
knife,7351
glass,4349
cup,6699
knife,4583
plate,2098
cup,7039
cup,7511
cup,0011
fork,1534
glass,6066
cup,2943
cup,2675
spoon,2582
spoon,2389
cup,3247
spoon,4246
plate,3070
glass,1798
plate,6337
fork,2012
spoon,3044
knife,6221
knife,5752
plate,0927
glass,0265
plate,9409
plate,6149
spoon,9411
glass,5427
cup,2487
spoon,3098
plate,4134
glass,4825
plate,5218
glass,5762
glass,8847
spoon,2725
spoon,5924
spoon,6122
cup,5704
glass,5431
cup,3043
cup,3650
cup,2462
plate,3604
cup,1869
cup,0489
knife,1650
cup,7515
knife,2718
plate,1641
fork,1389
plate,9394
cup,9105
knife,2795
plate,7791
spoon,4663
plate,1866
spoon,1735
glass,4695
cup,1536
cup,7181
spoon,8155
spoon,8364
knife,9038
cup,7428
spoon,0229
plate,3515
cup,3794
glass,6901
spoon,6470
glass,3364
cup,0553
glass,7778
knife,1367
knife,8105
knife,9414
fork,3504
plate,0231
cup,5831
cup,3871
knife,5624
cup,6512
cup,6475
glass,1437
plate,0160
plate,1431
cup,7606
cup,5140
glass,3191
knife,8134
spoon,0369
spoon,8577
spoon,9387
plate,9220
plate,0908
cup,6677
cup,0295
plate,8707
cup,3591
plate,6125
cup,2319
spoon,2036
plate,1475
fork,3672
knife,4432
plate,9294
cup,8151
knife,2534
plate,0315
cup,0706
plate,8818
plate,1107
fork,7204
fork,3320
plate,3866
knife,6396
cup,7003
knife,1956
spoon,3062
knife,7208
plate,1619
cup,1147
spoon,9390
plate,3459
knife,1478
cup,3700
spoon,0902
knife,0708
cup,6579
cup,6894
plate,4672
glass,8107
cup,5017
cup,3220
cup,3643
glass,2103
spoon,6822
cup,9346
knife,6208
plate,8043
plate,0019
glass,5947
cup,8491
knife,1440
plate,7582
cup,8078
glass,3371
cup,8234
spoon,1652
cup,2367
plate,6401
plate,1374
spoon,0703
cup,3375
plate,0535
spoon,1497
cup,2300
cup,8421
knife,8762
knife,3091
spoon,5867
plate,0513
cup,0128
cup,7492
plate,7787
plate,6255
fork,1205
glass,5327
spoon,7257
glass,0784
fork,7544
knife,1043
plate,2342
plate,6229
cup,6462
cup,3551
cup,4978
plate,2570
knife,1201
knife,7830
knife,1770
glass,2600
glass,5489
spoon,9201
glass,3418
spoon,1779
plate,0385
spoon,3407
glass,4441
spoon,5085
plate,3511
plate,9021
spoon,6054
glass,4931
knife,4041
spoon,4247
knife,6925
spoon,3340
cup,5751
spoon,2786
spoon,0994
glass,6643
knife,4010
cup,9296
glass,8187
plate,0092
glass,7522
cup,9084
fork,1428
spoon,4651
glass,7591
cup,6039
fork,6815
fork,4199
fork,3189
knife,0670
cup,7433
knife,4913
knife,6596
glass,9115
fork,4601
cup,8246
spoon,0190
glass,7279
cup,6381
fork,6679
plate,4104
fork,8282
fork,0788
glass,3855
glass,4009
knife,3671
glass,2761
spoon,3663
spoon,9426
knife,6908
plate,9179
cup,2599
glass,2083
plate,8215
spoon,1054
spoon,6099
spoon,4688
plate,2193
glass,8587
knife,7761
spoon,7236
glass,5498
spoon,2308
knife,2907
plate,8012
spoon,1421
plate,0424
plate,1700
cup,5732
spoon,3787
spoon,4232
plate,1501
glass,6572
spoon,5784
plate,5584
spoon,3687
glass,5720
knife,9185
spoon,8548
plate,7270
knife,3315
plate,7880
knife,5817
spoon,6543
fork,1786
fork,0945
spoon,7366
plate,6980
cup,8651
spoon,7113
plate,6244
spoon,6785
knife,6681
cup,3527
knife,9110
spoon,0397
plate,7914
cup,3379
fork,1218
knife,1892
spoon,7019
cup,5296
spoon,2868
cup,5371
knife,2124
cup,3387
cup,0436
spoon,8802
glass,0717
spoon,3090
glass,8306
glass,7388
knife,3774
cup,7835
cup,2888
glass,7831
knife,5710
knife,4870
knife,1247
glass,5510
fork,1229
plate,9168
plate,4055
spoon,0155
cup,6075
spoon,8691
spoon,3885
knife,4317
plate,0178
fork,7879
plate,3997
knife,7629
plate,1133
spoon,7603
fork,6402
spoon,2689
cup,2346
spoon,8841
plate,4506
spoon,3368
knife,4803
knife,5527
knife,7159
cup,7504
glass,6260
glass,3712
spoon,4300
cup,3010
plate,7738
glass,2898
knife,0087
cup,3991
cup,4974
knife,1269
spoon,8534
knife,7460
cup,5770
spoon,6113
glass,2699
spoon,4388
spoon,1814
cup,4245
cup,7554
knife,5792
fork,4192
fork,6399
cup,3750
plate,8735
spoon,3359
cup,0421
cup,5335
knife,5220
plate,6395
cup,8480
fork,9154
cup,4344
fork,4321
plate,1035
plate,3970
fork,1781
fork,1002
cup,8109
cup,4568
cup,6961
spoon,9194
cup,8170
plate,0915
glass,0361
plate,7067
cup,0974
cup,5583
plate,5946
glass,4406
knife,6736
plate,6415
spoon,9205
plate,8328
cup,5848
knife,2016
glass,9302
fork,0234
glass,1170
spoon,3313
knife,3095
knife,1192
plate,1321
cup,5920
knife,1143
cup,8200
knife,4444
glass,3168
knife,2521
plate,7638
plate,6273
knife,2050
plate,1237
plate,5258
plate,9074
knife,2902
glass,8795
glass,5622
cup,7228
cup,0925
glass,5069
cup,3985
glass,0740
plate,7730
knife,0274
knife,2752
plate,4307
plate,6539
cup,2023
glass,3666
cup,6947
cup,7273
fork,5855
cup,5739
spoon,8344
cup,2065
plate,7197
fork,5923
cup,0297
cup,3261
knife,0093
knife,5718
cup,2444
knife,9402
cup,2997
glass,5464
cup,9162
spoon,6540
fork,1020
cup,1817
cup,9077
cup,1694
plate,1624
spoon,8829
spoon,4655
cup,2630
spoon,1999
fork,8431
spoon,5231
glass,2960
knife,5839
plate,3184
plate,1613
plate,1160
knife,6656
knife,6890
knife,0457
cup,1088
cup,0112
plate,6072
spoon,7458
spoon,7425
cup,1693
fork,0407
fork,0686
knife,5170
knife,3306
spoon,8006
spoon,1167
glass,5528
spoon,4718
glass,2904
spoon,7129
glass,3254
plate,9186
spoon,3549
spoon,2269
cup,3072
glass,2798
glass,8271
plate,0323
glass,8384
plate,8649
plate,8684
plate,0156
cup,8995
glass,4701
cup,6071
knife,0939
cup,0312
spoon,1209
spoon,0435
plate,0372
spoon,7060
cup,6584
cup,5267
plate,4365
cup,7779
glass,5336
glass,3524
glass,2240
knife,2742
cup,2639
cup,9334
fork,7384
spoon,1027
plate,6469
cup,6375
knife,4498
cup,2660
plate,3913
spoon,8630
cup,7094
cup,1744
cup,2744
cup,6623
glass,8081
cup,1159
knife,3634
plate,0293
fork,3865
cup,7047
plate,3214
plate,6577
spoon,6312
plate,4782
glass,4375
cup,8768
fork,5439
knife,8277
plate,0727
fork,5061
plate,6821
plate,2364
spoon,5243
glass,8057
plate,4414
cup,6673
spoon,0956
fork,3861
glass,6016
cup,3193
fork,7855
cup,3825
spoon,3625
cup,3831
spoon,3691
glass,9143
knife,5417
fork,4796
spoon,7356
spoon,4379
plate,2025
cup,6937
cup,8493
cup,1430
spoon,1409
knife,8204
cup,2821
fork,0918
plate,5271
spoon,4576
cup,4456
cup,7357
fork,5869
cup,5894
cup,8380
glass,2274
knife,3915
plate,3702
knife,6885
knife,3303
cup,7608
cup,8711
plate,4661
spoon,2004
cup,4915
spoon,2554
glass,5389
cup,0919
plate,3654
glass,5132
cup,6728
plate,4437
spoon,7296
knife,1122
spoon,8786
plate,4552
spoon,1129
fork,1862
spoon,1197
cup,8871
fork,2469
glass,8294
fork,7505
knife,2417
spoon,6322
plate,2531
spoon,3172
glass,9184
plate,5083
knife,8312
cup,6591
spoon,7623
glass,5562
spoon,3380
knife,6222
cup,1809
cup,6154
knife,2710
cup,3014
fork,9153
plate,1419
glass,5274
spoon,3769
spoon,3667
knife,9124
fork,7777
cup,8115
spoon,3784
cup,6960
fork,6648
fork,7485
cup,7465
glass,3598
knife,2607
spoon,2420
fork,8047
spoon,1767
spoon,5778
cup,7399
knife,0531
fork,7308
spoon,1646
glass,5552
cup,0940
cup,1227
cup,5045
fork,5543
cup,1108
cup,5495
spoon,8692
plate,7539
knife,7569
cup,5018
plate,0071
glass,5345
glass,7909
knife,5945
knife,0388
cup,6883
spoon,9045
cup,0251
knife,2922
plate,2407
knife,7024
spoon,2950
spoon,0472
spoon,7605
knife,7235
knife,5536
plate,5442
cup,9229
glass,6962
cup,6635
cup,1289
fork,8835
fork,9177
cup,1668
spoon,6106
plate,1542
plate,8817
fork,1537
plate,8286
plate,8862
plate,5991
spoon,9207
plate,6941
glass,4063
cup,1951
cup,8439
spoon,1681
plate,0643
fork,9219
cup,3935
cup,3619
glass,0573
spoon,5260
fork,8385
cup,9158
knife,0668
plate,3034
fork,3094
spoon,4209
cup,7058
plate,0969
plate,1524
cup,4840
fork,5949
knife,3430
cup,7045
cup,7700
fork,5590
knife,7595
cup,2293
spoon,5896
cup,8752
cup,8921
plate,2266
glass,7100
plate,6228
plate,0261
cup,5025
fork,3453
spoon,2361
plate,2684
knife,1009
spoon,0665
knife,8890
fork,3442
cup,6174
knife,5554
spoon,5037
glass,5813
knife,4760
spoon,7646
plate,2915
cup,6499
glass,4324
spoon,4000
plate,1638
plate,1316
cup,1763
knife,0530
plate,5395
cup,0534
knife,2412
spoon,8235
plate,6118
cup,6346
fork,6059
plate,0767
fork,5310
knife,5173
plate,5922
cup,2682
fork,0973
knife,4021
spoon,3357
knife,2128
plate,5608
cup,5648
spoon,3982
fork,3408
cup,6250
spoon,6084
plate,8724
spoon,1921
knife,0395
cup,3785
cup,8741
spoon,1521
plate,3853
plate,4421
spoon,2728
cup,2192
knife,2228
cup,5199
plate,4905
knife,3215
glass,5277
plate,7713
knife,2082
plate,3696
cup,8594
knife,0352
cup,6924
knife,4961
plate,5683
glass,0988
spoon,2712
knife,6524
cup,8225
spoon,6518
cup,7731
cup,4960
cup,6078
glass,7613
knife,1710
cup,4977
cup,6711
plate,0796
plate,6463
plate,9405
fork,5730
glass,8722
spoon,6853
glass,0022
fork,3567
cup,2792
cup,6169
spoon,7313
plate,3264
glass,2919
plate,1493
fork,5366
spoon,4719
knife,9044
cup,3142
spoon,9399
plate,7615
spoon,0558
knife,4447
fork,1769
cup,9073
knife,8616
cup,0640
fork,2313
spoon,0213
knife,8317
plate,6069
cup,5066
fork,2393
spoon,7498
glass,0870
knife,7180
plate,5943
glass,0147
cup,2042
cup,4296
cup,7152
knife,0381
glass,0536
fork,9167
spoon,3123
cup,7703
cup,1377
cup,4987
knife,0280
plate,6557
knife,1063
cup,7594
plate,0942
cup,1969
knife,4830
cup,6092
glass,2465
cup,2436
plate,2908
cup,2784
cup,4587
knife,2827
spoon,7648
cup,0830
cup,8007
knife,3517
glass,1152
cup,5024
cup,5030
plate,3874
knife,7116
cup,1322
spoon,7280
spoon,1480
knife,0604
glass,5659
fork,6123
cup,3790
fork,7794
knife,0914
cup,0975
fork,0984
spoon,5560
plate,3404
spoon,4667
cup,6575
glass,3198
glass,3322
spoon,7627
knife,8000
glass,4427
plate,6299
glass,3668
fork,2190
fork,5750
fork,2625
spoon,4726
plate,7684
cup,5650
plate,0371
cup,4585
knife,2893
cup,7500
cup,1922
plate,4745
knife,5698
cup,6869
glass,6641
spoon,4902
spoon,0498
spoon,5992
plate,7852
glass,8269
plate,2584
plate,4949
plate,9119
glass,3848
spoon,8904
spoon,2181
spoon,8537
fork,9316
cup,5101
cup,3162
fork,0771
plate,4932
plate,5268
plate,3972
spoon,6101
spoon,1791
cup,8336
cup,7775
knife,8471
knife,7088
cup,3234
plate,7398
knife,2224
spoon,9443
cup,8816
glass,4753
plate,9382
spoon,6644
fork,7636
spoon,1851
plate,6029
cup,8759
plate,0002
knife,8420
knife,1029
cup,4684
spoon,1776
cup,7679
plate,8526
plate,1061
spoon,2533
fork,7350
plate,1177
knife,2895
spoon,2884
cup,4037
spoon,4033
spoon,1415
plate,3994
plate,2376
spoon,1917
knife,9403
spoon,8122
glass,3185
cup,8748
glass,2524
plate,2618
plate,7093
plate,0601
knife,2900
knife,8076
knife,5899
fork,0096
cup,5985
plate,0962
fork,4125
glass,1741
fork,6526
cup,3464
glass,3523
glass,1722
spoon,7221
spoon,5285
glass,6719
fork,4523
cup,0709
cup,2290
knife,7888
cup,8018
knife,7013
cup,2409
spoon,3295
cup,5476
fork,9310
knife,2864
knife,1157
plate,1111
spoon,1468
plate,6131
cup,4190
cup,8609
fork,7086
fork,7285
knife,3828
spoon,0612
fork,6484
fork,0398
spoon,0488
spoon,5370
glass,4832
spoon,5549
knife,5921
glass,7345
spoon,6952
fork,1871
plate,9292
knife,2721
spoon,5709
glass,4008
glass,5377
knife,9421
spoon,4581
spoon,8489
plate,0392
cup,9078
spoon,4635
plate,4729
spoon,3388
glass,8559
glass,8607
plate,4537
knife,6842
fork,7370
plate,2886
cup,3473
knife,8740
knife,9170
knife,5329
plate,0502
fork,4757
glass,2614
spoon,8202
cup,4382
glass,3767
glass,5815
cup,8031
plate,8095
cup,4686
plate,6258
cup,2323
cup,2284
knife,2270
cup,0307
cup,7392
cup,4359
glass,3553
cup,1375
plate,4168
knife,9287
spoon,7374
cup,4084
cup,7821
knife,2857
knife,6010
glass,3378
cup,6561
plate,4707
fork,6034
cup,3875
cup,1876
spoon,3730
spoon,9053
plate,1972
fork,0383
cup,7687
cup,8656
spoon,7749
glass,6254
glass,8981
fork,0539
cup,3488
knife,7599
plate,8872
fork,1281
knife,6998
spoon,1005
fork,6277
plate,3635
cup,5188
spoon,0594
knife,6225
fork,1573
cup,3161
knife,3609
plate,4339
fork,6336
cup,1225
spoon,1429
cup,4105
glass,3437
spoon,0132
knife,5901
cup,5217
spoon,2155
knife,4989
knife,6286
cup,8733
knife,6133
fork,4794
cup,8542
spoon,5768
plate,0304
plate,4109
cup,8142
plate,0770
knife,8165
spoon,6108
spoon,8709
spoon,3391
plate,5533
fork,1559
cup,1894
spoon,5421
plate,5311
knife,3069
glass,5557
fork,1561
cup,9280
cup,8016
cup,8907
cup,7576
cup,4302
knife,6730
plate,2303
fork,5436
spoon,8783
knife,3253
cup,3823
cup,1750
plate,3478
cup,4862
cup,1104
cup,6189
knife,2355
knife,5641
cup,7316
knife,5666
glass,0291
plate,9427
cup,8749
cup,3779
plate,4790
glass,3153
spoon,4089
knife,4737
glass,4058
plate,2227
knife,7091
knife,8948
cup,2483
plate,8627
cup,9422
knife,4626
cup,6747
plate,2372
plate,1019
cup,1255
glass,7567
spoon,1602
spoon,9295
cup,7160
glass,4167
fork,2405
plate,6840
glass,7478
cup,1571
plate,2875
knife,4121
fork,1514
knife,5167
cup,6763
glass,4474
plate,1519
spoon,5021
cup,5183
plate,1752
plate,0990
cup,4011
plate,7255
cup,1979
glass,8028
plate,7887
glass,5096
plate,1015
cup,3850
fork,6606
plate,5482
cup,9057
cup,0378
cup,8943
spoon,8883
cup,3323
knife,7873
glass,0795
cup,4596
cup,2912
plate,2627
plate,7369
glass,0314
spoon,8888
glass,8125
plate,8513
spoon,2681
glass,1968
cup,8856
fork,2977
knife,2347
glass,7211
knife,3891
cup,6418
fork,7440
cup,6778
cup,8712
plate,4038
glass,4954
knife,8220
cup,6454
glass,7604
knife,4621
spoon,0308
fork,7619
cup,4939
cup,0847
cup,1023
fork,9051
cup,0522
spoon,2321
fork,2982
knife,7746
knife,0514
plate,3939
cup,5033
fork,8678
spoon,9410
glass,8788
knife,4653
spoon,6688
knife,2017
fork,4046
knife,0701
glass,8784
knife,4671
spoon,2892
fork,2492
spoon,2099
plate,7626
cup,2052
spoon,8827
fork,2299
spoon,2212
